id,osm_id,name,address,lat,lng,image_url,cached_at
ab43d2a8-1e86-4da3-b013-5adf0627fa51,node/728961599,Teamendous,Toronto,43.7348903,-79.3448601,https://scontent-yyz1-1.xx.fbcdn.net/m1/v/t6/An85Lg4QMAHeuvFnf1G5s2f3zeOCZH-w1tEssOBcM7LHu7FBWEq5SXzxwAMX5oYEfjcvKRFPSk0I0dcTCkKmTCYPv99UctA9ounrl2eEsFzdcf-CKCWS0B_NQwujLKqP3oSL4HcvCQc4Q3eyE-mq0w?stp=s2048x1536&edm=AOnQwmMEAAAA&_nc_gid=UPBQUuEC7n37BiOwaTNoAg&_nc_oc=AdmqwvvqGIBwZrqZLzVcVb5_r0rprdXEheEatxEKhelxFNpaRbRlFiMapH6fSB8OzEo&ccb=10-5&oh=00_AfxAgYKfH9Y65YpuRYKwh32qC0dCV3Ex1MVSYYSP6qoltg&oe=69DE37E0&_nc_sid=201bca,2026-03-15T16:00:29.796138+00:00
e8831f78-bdbf-4086-b223-5685d7b7b206,node/1138266228,DavidsTea,Toronto,43.7686291,-79.3863277,,2026-03-15T16:00:29.796138+00:00
a49af60a-166a-4c11-a143-e736f6d98443,node/1334996132,House of Tea,"1015-1017 Yonge Street, Toronto, M4W 2K9",43.67739,-79.389507,https://scontent-yyz1-1.xx.fbcdn.net/m1/v/t6/An9u3PojYrbm0z9KFTKJ9bSgYJ05ARw4NxEH-hfN9lDQD_ySY3R5iB9DpG300GQ-qB4bQklwBsQguFChVL6Tz4BNnoeaT8zary4Th6idQCrTMOZ4eqMawOcms5uAwAmUgsOEkvTpiLygZE8zMDGEwQ?stp=s2048x1536&edm=AOnQwmMEAAAA&_nc_gid=hBOz-CU-IW46yNuQm2nYCA&_nc_oc=Adlfp4hhSoRPGkzB0ElLttwZuC466c5_VWYNke-ATorhdjrglImdyZyhznZjwviSIW0&ccb=10-5&oh=00_AfwNFLzAtxnlu0RwfkcaeJJHcJQJhFYlVK8YQXbEsIAbLg&oe=69DE53A5&_nc_sid=201bca,2026-03-15T16:00:29.796138+00:00
7d91cd3c-9f5a-44d5-8769-e97602a9f01a,node/1355712158,T-buds,"3343 Yonge Street, Toronto, M4N 2M4",43.731308,-79.403523,https://scontent-yyz1-1.xx.fbcdn.net/m1/v/t6/An8zWwf5cLq-vR_brZ5_kE1-ygXKnM0FS7_g5lcOpFYGcIggk93tt66nqGFmvTHzUReEB6OhiV6RjMxPOQ75ARQAtVap05vItO7B9WGzgTP-r0yi_HsRJQXnG294PvO0KfltzgC2iz-GDD-2H9cRkzc?stp=s2048x1536&edm=AOnQwmMEAAAA&_nc_gid=DanaXqkPt4_QUzcLbHQorg&_nc_oc=AdnZrHQIqvUsBebWl1zKCwOcd2ZV_37bwgHRiPPnH5i7GEjtXJIRsvuLJrhPboX6Ivs&ccb=10-5&oh=00_AfzLJpnAUu1sxkCYnfeNUVOJq3cWgqtGQkJk3KglvZyimQ&oe=69DE50DE&_nc_sid=201bca,2026-03-15T16:00:29.796138+00:00
43febc02-f3e9-442a-aaee-56102efb61cc,node/1439928378,It’s Tea,"635 Mount Pleasant Road, Toronto",43.70477,-79.388471,https://scontent-yyz1-1.xx.fbcdn.net/m1/v/t6/An8GXb3D8xBtnCa_w_xwld1FkVg0xeGu6LQNCWtPKcxOZcjNQC1dHCOFK1xvqIv0KS8g0ndCwrkss2pTwFYy9rbk0QvWcP8ybuOaNuX_5fFEHULvJsbKodnV-UmWb1xmHG1TYUC9NwdK1NPDIU11vQ?stp=s2048x1152&edm=AOnQwmMEAAAA&_nc_gid=TOXRevmGAzfjKQh3slV_jg&_nc_oc=Adn2nA_4cySZraJzsGocizfsU6-pAze8SZhRLSoOXjBiYfDtzqS_YHfg2TOsz_7RIQA&ccb=10-5&oh=00_AfwBrwWl2f7yO7HOShZUfZKxDmUrqxymZ__YSW6nFyNxFg&oe=69DE3689&_nc_sid=201bca,2026-03-15T16:00:29.796138+00:00
99892675-d7e9-4720-9da4-88fed53fe4d7,node/1459294435,Red Tea House,Toronto,43.803479,-79.29736,,2026-03-15T16:00:29.796138+00:00
7680e804-74d2-4ff3-b794-f7fd9300ef6e,node/1901044187,Formocha Bubble Tea House,"55 Eglinton Avenue East, Toronto, M4P 1G8",43.707082,-79.39598,,2026-03-15T16:00:29.796138+00:00
b398e464-9a6a-4756-9c26-6eef082c6bdf,node/2018966951,Ten Ren's Tea,"3401 Dufferin Street, Toronto",43.7267087,-79.4515892,,2026-03-15T16:00:29.796138+00:00
56fdb3c1-469b-4bab-88e7-ceef9e6a9180,node/2286832919,Cuppa Tea,"346 Bloor Street West, Toronto",43.666664,-79.4044677,,2026-03-15T16:00:29.796138+00:00
430d78f7-53f3-4f25-8b5e-a4a674aaae37,node/2405765140,Say Tea,"2362 Bloor Street West, Toronto, M6S 1P3",43.6501574,-79.48151,https://scontent-yyz1-1.xx.fbcdn.net/m1/v/t6/An9SYNzgMgMGeN8D-xs6xKN-xLFwR7xc8tLEXiSiLqq4G4IbXphQkzbHnDYvllfPc7nhQ_lXqSFMEwvaKGockOvJZU8sQoV5Jwg-5U-zT7483-DaZqAQrLs_rU74uniprfc3ChfM7rOiZ-NbPn_82g?stp=s2048x1152&edm=AOnQwmMEAAAA&_nc_gid=wOXrEW4ZecbuZ6EG06lHdA&_nc_oc=AdmZtuHKBt32ZdxNb9J_Dye6E-QNQe1jC8qa1nI0gWPxA3zR4fVOvjB8l_uPjxRjYio&ccb=10-5&oh=00_AfxaEFmkz9vfnU9lQrXxHviw-u8hN3cFrPMp0P6ehruceA&oe=69DE44BA&_nc_sid=201bca,2026-03-15T16:00:29.796138+00:00
0e3bb059-f80f-422f-9f8f-566be58b11e8,node/3587014141,DavidsTea,Toronto,43.650381,-79.3836035,,2026-03-15T16:00:29.796138+00:00
c97c9681-7596-45a1-b45f-7034933d3c44,node/5166361426,DavidsTea,Toronto,43.6843157,-79.6198888,,2026-03-15T16:00:29.796138+00:00
ace4dc9f-06ba-4813-b6f2-981cd64f1e0b,node/5173153942,Green Grotto Tea Room,"7040 Warden Avenue, Markham",43.8210203,-79.3255481,,2026-03-15T16:00:29.796138+00:00
4414e7e9-3b8c-4071-833f-bdc419289db2,node/5363906022,Pluck Tea Inc,"89 Research Road, East York",43.7131382,-79.3520848,https://scontent-yyz1-1.xx.fbcdn.net/m1/v/t6/An9GPZ5PsCSapX1kHL9UQ7ncEUP_nVCBL-r7yiM8x1OljFBhauv2jJmMtxoZaeSEOmU1dGhtMQPiLq3G7hhXVhnjGCXQtA0t5OveNfnbJHsvsAgq2PTi7kEP96AXwZJ3FuUtPwwWWEgtrh2oR-7AWg?stp=s2048x1536&edm=AOnQwmMEAAAA&_nc_gid=_uQl9V4Ur8vGhIVZSQPOhA&_nc_oc=Adn0FQNFxm6NtYq6UZlD47Bo8PhrlDU3_sYAk0rS_m1KCyiwKhL84lSe12uQz0PKzJA&ccb=10-5&oh=00_AfyDoLT4LImVkUJdkIv2jrn5pe-b-p0_L0Z0VJsSA2lfMQ&oe=69DE42AA&_nc_sid=201bca,2026-03-15T16:00:29.796138+00:00
1e563598-ad26-43fd-b6e2-034fc6fe83e7,node/5711621727,Presotea,"10 Dundas Street East, Toronto",43.6569085,-79.3809981,,2026-03-15T16:00:29.796138+00:00
27948605-7686-44ac-98a2-d717bdd8b007,node/5986981494,Gong Cha,"Town Centre Court, Scarborough",43.7735463,-79.2559307,https://scontent-yyz1-1.xx.fbcdn.net/m1/v/t6/An8hcI2fsDsJT7I8iAV6-euyMQRba7tRyTDdgypsNLTq4g6962HlqyG-5qEv80zjSJX_mQx_lHiJZ4zeQHSI67TPN7RGIxH_0k3M79iL--Z_q72chVFD4OjF-QArcB-6xlNuIgUrBFtHqqeQFRbwpg?stp=s2048x1536&edm=AOnQwmMEAAAA&_nc_gid=eLFPEIevWdzxaHpIvadqag&_nc_oc=AdmfD5K5P84DOBp-yRa2dRoXXsCjYsd6HO1aMHcULJ2CTuX63MUjC2igh-yyBdEI0Qc&ccb=10-5&oh=00_AfyTNsw6cpk5se1QlvOaHjUZk2LL9mTGCcarAxuXi95T2w&oe=69DE3A3A&_nc_sid=201bca,2026-03-15T16:00:29.796138+00:00
4f4c1405-cff8-4af3-a058-9ebb50a307a4,node/6001296590,Tsaa,"412 Danforth Avenue, Toronto",43.6778196,-79.3513536,https://scontent-yyz1-1.xx.fbcdn.net/m1/v/t6/An97h4TxYw7H_1itV_ZEiMIjOb98PfefClYvW085O5SoLbfajJFz3dWanLuWKpUVPE0gsdq37DhetP9VXZaxHff3RNctUfuztRNOBiSoQG2BOttxgYXmfjGT0WAkcU5WT981YTVmyFBdwMC-PFogwQ?stp=s2048x1536&edm=AOnQwmMEAAAA&_nc_gid=CB5dZf9v6CHo-nTwIuSFTg&_nc_oc=AdmWvRGFk8FDsmb523ROoroJnq2ovYfAEwgnQwTRlVol3ANPUhNVuJdqrb5_wjv5vZA&ccb=10-5&oh=00_Afyjbr7H2cWK8S8JFn-cAr0_PxUWGSpA4X4TlC68VjiUWA&oe=69DE5386&_nc_sid=201bca,2026-03-15T16:00:29.796138+00:00
32a2cc5e-d0fe-4fd4-9320-bc8fd33e0a17,node/6323420469,DavidsTea,"25 The West Mall, Toronto",43.6113535,-79.5575912,,2026-03-15T16:00:29.796138+00:00
c0e6d2d4-d865-4367-8806-48428c4f5f19,node/6543841092,DavidsTea,"1 Promenade Circle, Toronto",43.806082,-79.4525313,https://scontent-yyz1-1.xx.fbcdn.net/m1/v/t6/An8ho88jiIDAMaTXGqjFSnSH1qnmHjwfBx64A4IUc6weDPWcR0zr2QzuAnyHCBaaPybZOjWyezqVI8mWnoWaWad-q1DLXTj_DQz6_NicYE1s7N_q1GPDD9vOAEMFsz1i4Rlmi8cTYFWcVUUX4dhq6A?stp=s2048x1152&edm=AOnQwmMEAAAA&_nc_gid=A4ax-eD1O70jUk39f9UpFQ&_nc_oc=AdnC2AEiJg9F2pI3MdcErPrqPhXAsYxQTmv8ktB88FlJ-mQ2XXCkZD_tkFMdWU_uqkc&ccb=10-5&oh=00_AfziOKuM6T12UV6zatcURgSquvHWM_GfTfv3Pd4ZeFYWiA&oe=69DE48F2&_nc_sid=201bca,2026-03-15T16:00:29.796138+00:00
4681dbcc-c30c-473b-bbd9-e3e92c6d2361,node/6548146793,Tea Shop 168,Toronto,43.7195512,-79.6382041,,2026-03-15T16:00:29.796138+00:00
9d3cfa9c-9585-47cc-8874-18649a85cbaf,node/6589905578,DavidsTea,Toronto,43.7763421,-79.2587587,,2026-03-15T16:00:29.796138+00:00
265d3a60-3dc8-4cc4-aa4b-4314806c0fe6,node/6589930586,Ten Ren's Tea,Toronto,43.776712,-79.2584771,,2026-03-15T16:00:29.796138+00:00
be270ffe-53dc-4920-9ac8-654a326c95c9,node/6710422918,Fresh Tea Shop,Toronto,43.7073708,-79.3992265,https://scontent-yyz1-1.xx.fbcdn.net/m1/v/t6/An_ahVwdpqJuf8Ab_JrXjq4MNqZ-frh7-QdFPuEmxbZwo3yufl6yPJO2YKIPt2WvG_cKzVaTj0F9ZQGFjd82KJKlTRZpz0WcYvXg_z6JsTEnzTvjUIZuSLtCBWIWyaRq2VSSo5sw--KHQzvOZ8dUtps?stp=s2048x1024&edm=AOnQwmMEAAAA&_nc_gid=-92WwkydjXwG22Z6nA44jA&_nc_oc=AdmxxXLy5IwSzvfh6jyfrmyNh76739yjkgtNVH6D8F6E5aA4f3VJcFnwBly4JM8WERE&ccb=10-5&oh=00_Afyeuk0Pqe1EWiUHIoF8eiZi7ejBSUqNQO7XRWghODo53Q&oe=69DE4C5D&_nc_sid=201bca,2026-03-15T16:00:29.796138+00:00
9359ca02-af8c-46b1-9cbe-4df77a724da5,node/6712345506,DavidsTea,Toronto,43.65519,-79.3809678,,2026-03-15T16:00:29.796138+00:00
8acec0f6-a70c-4dce-8bb3-a3a0cb946a10,node/6820739739,Kitten & The Bear,"1414 Dundas Street West, Toronto",43.6497077,-79.4292366,,2026-03-15T16:00:29.796138+00:00
79bc4deb-a98c-4c4e-9cfa-799c074af090,node/10122823669,Presotea,"327 Yonge Street, Toronto",43.656932,-79.3810281,,2026-03-15T16:00:29.796138+00:00
0ba5882e-9d5e-4fe2-9c6d-7a53e81b8875,node/12190675572,Matcha Yuzu,"390 Silver Star Boulevard, Toronto, M1V 0E3",43.8149624,-79.296326,,2026-03-15T16:00:29.796138+00:00
64cb9072-7c7c-4ca9-a4f5-8458c29623f3,node/12785242442,Cha Payom,"21 Wellesley Street West, Toronto, M4Y0H1",43.6645122,-79.3855534,,2026-03-15T16:00:29.796138+00:00
a7d90f31-2827-49d9-8b10-0d0178ad07f3,node/13609461843,Matcha Matcha,Toronto,43.6544964,-79.3910822,https://scontent-yyz1-1.xx.fbcdn.net/m1/v/t6/An9qG0E_LhVQMKnUU2mSq9s89LGO0W-P_biNruScVyTM6_BC5FxSSqadwkG4dY-C4ub4fVJv75wRqbvu1vD4uSQcfGjCFVcrws9GdvbjAuf5BZm3YKjBRSZXRJ1Kok3-oArKavjkszjlJBUq7ODLHUk?stp=s2048x1536&edm=AOnQwmMEAAAA&_nc_gid=dHxhQt6n7jVAF_KscErWDQ&_nc_oc=AdleMudpK3GKfmJNLJNpqootsjUzoX5OEBrP5RXlDslAKlMlsjOHPDhcMblUfj1dCIw&ccb=10-5&oh=00_Afw4-iQhoIldDgOND31H7SQt5CwEV_WwKD7nVjZ_09t2dw&oe=69DE4065&_nc_sid=201bca,2026-03-15T16:00:29.796138+00:00
1081cc0d-e791-4b84-9ab6-8034d4bcf6da,node/13646514701,Ton Ton Matcha,"Western Battery Road, Toronto",43.6392143,-79.4158372,,2026-03-15T16:00:29.796138+00:00
a6c21705-dbfb-418d-b720-d50f08993919,way/663070344,Burr House Artisans Gallery Shop and Tearoom,Toronto,,,,2026-03-15T16:00:29.796138+00:00
b56209e3-1d25-46e1-8177-210b01df1a51,way/1229832499,Ten Ren's Tea Time,"1800 Sheppard Avenue East, North York, M2J 5A7",,,,2026-03-15T16:00:29.796138+00:00
0e816b7c-2df1-4afd-a14b-47a7c04739c8,way/1229832500,Machi machi,"1800 Sheppard Avenue East, North York, M2J 5A7",,,,2026-03-15T16:00:29.796138+00:00
